{"cameraMode":{"drawMode":0,"name":"Shaded","section":"Shading Mode"},"sceneLighting":false,"audioPlay":false,"sceneViewState":{"m_AlwaysRefresh":false,"showFog":true,"showSkybox":false,"showFlares":true,"showImageEffects":true,"showParticleSystems":true,"showVisualEffectGraphs":true,"m_FxEnabled":true},"in2DMode":false,"pivot":{"x":-0.39485371112823489,"y":0.46828746795654299,"z":-0.45634692907333376},"rotation":{"x":-0.007735548075288534,"y":0.987602710723877,"z":-0.14805933833122254,"w":-0.051598645746707919},"size":1.3901387453079224,"orthographic":false}