{"cameraMode":{"drawMode":0,"name":"Shaded","section":"Shading Mode"},"sceneLighting":false,"audioPlay":false,"sceneViewState":{"m_AlwaysRefresh":false,"showFog":true,"showSkybox":false,"showFlares":true,"showImageEffects":true,"showParticleSystems":true,"showVisualEffectGraphs":true,"m_FxEnabled":true},"in2DMode":false,"pivot":{"x":-2.370628595352173,"y":-5.843391418457031,"z":44.62861633300781},"rotation":{"x":0.07250069826841355,"y":-0.020129449665546418,"z":0.004163291770964861,"w":0.9971728324890137},"size":23.759544372558595,"orthographic":false}