{"cameraMode":{"drawMode":0,"name":"Shaded","section":"Shading Mode"},"sceneLighting":false,"audioPlay":false,"sceneViewState":{"m_AlwaysRefresh":false,"showFog":true,"showSkybox":false,"showFlares":true,"showImageEffects":true,"showParticleSystems":true,"showVisualEffectGraphs":true,"m_FxEnabled":true},"in2DMode":false,"pivot":{"x":-0.16639795899391175,"y":-0.5084497928619385,"z":0.17335069179534913},"rotation":{"x":-0.007735548075288534,"y":0.987602710723877,"z":-0.14805933833122254,"w":-0.051598645746707919},"size":1.6185537576675416,"orthographic":false}