{"cameraMode":{"drawMode":0,"name":"Shaded","section":"Shading Mode"},"sceneLighting":false,"audioPlay":false,"sceneViewState":{"m_AlwaysRefresh":false,"showFog":true,"showSkybox":false,"showFlares":true,"showImageEffects":true,"showParticleSystems":true,"showVisualEffectGraphs":true,"m_FxEnabled":true},"in2DMode":false,"pivot":{"x":-0.14409023523330689,"y":-0.5564595460891724,"z":-0.18376338481903077},"rotation":{"x":-0.02343372255563736,"y":0.5131718516349793,"z":-0.014017907902598381,"w":-0.8578548431396484},"size":1.9197394847869874,"orthographic":false}